TextSize,PatternSize,Algorithm,Mean,StdDev,Min,Max
1100,10,KMP,34.5,7.10282,28,54
1100,10,Boyer-Moore,2.7,2.1,2,9
1100,10,BruteForce,52.6,3.92938,49,60s
1100,15,KMP,30.7,10.3252,18,54
1100,15,Boyer-Moore,2.4,1.2,2,6
1100,15,BruteForce,80.5,17.1887,71,130s
1150,20,KMP,46.4,9.23255,37,62
1150,20,Boyer-Moore,2,2.36643,1,9
1150,20,BruteForce,107.4,6.13514,102,123s
1150,25,KMP,43.5,17.3393,29,85
1150,25,Boyer-Moore,2.5,1.5,2,7
1150,25,BruteForce,150.3,51.1411,87,261s
1150,30,KMP,46.5,23.517,34,116
1150,30,Boyer-Moore,2.5,1.5,2,7
1150,30,BruteForce,144.3,19.2356,116,171s
1150,35,KMP,80.6,147.884,28,524
1150,35,Boyer-Moore,2.6,1.8,2,8
1150,35,BruteForce,196.2,23.237,138,237s
1200,40,KMP,29.6,2.2,28,36
1200,40,Boyer-Moore,2.7,2.1,2,9
1200,40,BruteForce,246.1,33.6287,227,346s
1200,45,KMP,38.6,2.93939,34,44
1200,45,Boyer-Moore,2.7,2.1,2,9
1200,45,BruteForce,188.4,21.8229,172,252s
1200,50,KMP,28.1,15.7127,18,70
1200,50,Boyer-Moore,2.3,0.9,2,5
1200,50,BruteForce,216.7,29.2952,191,290s
1200,55,KMP,37.8,4.16653,35,47
1200,55,Boyer-Moore,1.7,1.48661,1,6
1200,55,BruteForce,335.3,25.9424,307,391s
1200,60,KMP,56.4,22.2989,39,119
1200,60,Boyer-Moore,1.6,1.2,1,5
1200,60,BruteForce,500.8,297.494,341,1252s
1200,65,KMP,40.5,11.0204,31,72
1200,65,Boyer-Moore,2.8,1.77764,2,8
1200,65,BruteForce,487.6,325.535,370,1464s
1250,70,KMP,31.4,3.07246,29,40
1250,70,Boyer-Moore,2.6,1.8,2,8
1250,70,BruteForce,549.9,254.042,356,1194s
1250,75,KMP,45.4,5.90254,43,63
1250,75,Boyer-Moore,2.4,1.2,2,6
1250,75,BruteForce,367.8,46.428,305,452s
1250,80,KMP,15.1,1.7,14,20
1250,80,Boyer-Moore,2.6,1.8,2,8
1250,80,BruteForce,372.1,57.5455,325,533s
1250,85,KMP,25.2,2.63818,24,33
1250,85,Boyer-Moore,4.5,7.5,2,27
1250,85,BruteForce,381.9,18.1959,358,416s
1250,90,KMP,24,2.04939,23,30
1250,90,Boyer-Moore,6.2,10.9435,2,39
1250,90,BruteForce,573.6,22.9574,518,607s
1250,95,KMP,29.9,2.62488,26,36
1250,95,Boyer-Moore,6.4,12.2082,2,43
1250,95,BruteForce,615,29.9833,563,675s
1250,100,KMP,31.8,6.91086,26,46
1250,100,Boyer-Moore,3.6,4.47661,2,17
1250,100,BruteForce,466.6,58.4349,422,600s
1250,105,KMP,39.8,9.92774,34,60
1250,105,Boyer-Moore,1.3,0.9,1,4
1250,105,BruteForce,494.6,64.7738,442,656s
1300,110,KMP,23.1,1.7,22,28
1300,110,Boyer-Moore,2.7,0.9,2,5
1300,110,BruteForce,513.3,10.8264,495,531s
1300,115,KMP,29.6,8.38093,23,45
1300,115,Boyer-Moore,2.3,0.9,2,5
1300,115,BruteForce,550.8,34.1374,508,638s
1300,120,KMP,27.3,2.6096,26,35
1300,120,Boyer-Moore,1.4,1.2,1,5
1300,120,BruteForce,617.8,95.0156,559,892s
1300,125,KMP,22.1,1.37477,21,26
1300,125,Boyer-Moore,2.1,1.04403,1,5
1300,125,BruteForce,622.7,67.1194,555,761s
1300,130,KMP,17.8,1.77764,17,23
1300,130,Boyer-Moore,2.3,0.9,2,5
1300,130,BruteForce,611.9,13.6415,588,632s
1300,135,KMP,51.4,6.42184,46,69
1300,135,Boyer-Moore,4.7,7.11407,2,26
1300,135,BruteForce,684.8,47.6189,635,775s
1300,140,KMP,57,86.7537,23,316
1300,140,Boyer-Moore,2.4,1.2,2,6
1300,140,BruteForce,766.9,111.76,671,1077s
1300,145,KMP,47.5,3.66742,45,58
1300,145,Boyer-Moore,1.9,1.44568,1,6
1300,145,BruteForce,780.1,87.292,703,957s
1300,150,KMP,28.6,4.73709,26,39
1300,150,Boyer-Moore,4.5,3.52846,3,15
1300,150,BruteForce,759,58.4585,700,888s
1300,155,KMP,28.5,10.7168,23,60
1300,155,Boyer-Moore,2.3,0.9,2,5
1300,155,BruteForce,815.1,102.467,745,1101s
1350,160,KMP,33.8,13.121,27,61
1350,160,Boyer-Moore,3.4,0.916515,3,6
1350,160,BruteForce,878.9,109.338,780,1135s
1350,165,KMP,28.4,1.90788,27,34
1350,165,Boyer-Moore,2.5,0.921954,2,5
1350,165,BruteForce,948.1,164.64,824,1314s
1350,170,KMP,27.5,1.5,27,32
1350,170,Boyer-Moore,2.6,0.916515,2,5
1350,170,BruteForce,919.5,61.3388,877,1098s
1350,175,KMP,31,3.84708,29,42
1350,175,Boyer-Moore,2.4,1.2,2,6
1350,175,BruteForce,910.8,35.479,877,1006s
1350,180,KMP,27.6,1.49666,27,32
1350,180,Boyer-Moore,3.5,1.20416,3,7
1350,180,BruteForce,979.1,76.0322,919,1180s
1350,185,KMP,35.6,11.6465,24,52
1350,185,Boyer-Moore,2.3,0.9,2,5
1350,185,BruteForce,1001.3,72.7696,931,1205s
1350,190,KMP,24.4,2.83549,23,31
1350,190,Boyer-Moore,3.3,0.9,3,6
1350,190,BruteForce,1136.3,155.028,999,1477s
1350,195,KMP,26.1,2.98161,25,35
1350,195,Boyer-Moore,2.5,1.5,2,7
1350,195,BruteForce,1087.7,106.461,1013,1363s
1350,200,KMP,31.5,6.32851,28,46
1350,200,Boyer-Moore,3.3,0.9,3,6
1350,200,BruteForce,1252.9,214.903,1072,1560s
1350,205,KMP,29.5,1.56525,28,34
1350,205,Boyer-Moore,4.5,1.5,4,9
1350,205,BruteForce,1264.3,203.451,1099,1714s
1350,210,KMP,23.6,1.90788,22,28
1350,210,Boyer-Moore,2.4,1.2,2,6
1350,210,BruteForce,1152.8,40.0719,1100,1237s
1350,215,KMP,43.8,24.5756,29,109
1350,215,Boyer-Moore,3.9,1.75784,3,9
1350,215,BruteForce,1210.3,60.11,1164,1359s
1400,220,KMP,33.8,8.42378,30,59
1400,220,Boyer-Moore,4.1,1.7,3,9
1400,220,BruteForce,1351.5,246.647,1201,2021s
1400,225,KMP,39.1,14.5496,32,81
1400,225,Boyer-Moore,2.2,0.6,2,4
1400,225,BruteForce,1447.3,359.066,1226,2455s
1400,230,KMP,35.8,8.81816,31,62
1400,230,Boyer-Moore,5,2.68328,4,13
1400,230,BruteForce,1380.3,157.043,1251,1724s
1400,235,KMP,33.3,5.04083,31,48
1400,235,Boyer-Moore,3.7,0.781025,3,5
1400,235,BruteForce,1412.7,118.273,1329,1709s
1400,240,KMP,42.5,4.20119,40,54
1400,240,Boyer-Moore,5.1,2.98161,4,14
1400,240,BruteForce,1652.2,314.019,1368,2342s
1400,245,KMP,32.8,1.46969,32,37
1400,245,Boyer-Moore,3.2,0.6,3,5
1400,245,BruteForce,1533,182.644,1398,1928s
1400,250,KMP,30.1,2.34307,29,37
1400,250,Boyer-Moore,2.7,1.55242,2,7
1400,250,BruteForce,1472.4,82.0149,1417,1714s
1400,255,KMP,36.7,6.69403,29,53
1400,255,Boyer-Moore,2.5,1.5,2,7
1400,255,BruteForce,1510.7,64.2916,1467,1693s
1400,260,KMP,110.4,116.124,57,445
1400,260,Boyer-Moore,4.7,2.1,4,11
1400,260,BruteForce,1864.6,278.96,1426,2211s
1400,265,KMP,30.5,9.55249,26,59
1400,265,Boyer-Moore,2.2,0.6,2,4
1400,265,BruteForce,1951.4,330.131,1590,2442s
1400,270,KMP,35,4.17133,33,47
1400,270,Boyer-Moore,4.7,1.18743,4,8
1400,270,BruteForce,1998.1,284.582,1618,2383s
1400,275,KMP,31.7,1.61555,30,36
1400,275,Boyer-Moore,2.4,1.2,2,6
1400,275,BruteForce,1732,105.708,1620,1953s
1400,280,KMP,57.7,18.6175,29,85
1400,280,Boyer-Moore,3.3,0.9,3,6
1400,280,BruteForce,1706.4,78.7022,1590,1859s
1400,285,KMP,37.2,12.0648,27,60
1400,285,Boyer-Moore,5.4,3.87814,4,17
1400,285,BruteForce,1750.6,67.3204,1688,1927s
1450,290,KMP,44.1,14.8691,36,87
1450,290,Boyer-Moore,2.3,0.9,2,5
1450,290,BruteForce,2007.4,212.753,1789,2417s
1450,295,KMP,32.5,2.80179,30,40
1450,295,Boyer-Moore,2.3,0.9,2,5
1450,295,BruteForce,1983.3,345.526,1719,2897s
1450,300,KMP,31.2,3.28024,30,41
1450,300,Boyer-Moore,2.7,1.18743,2,6
1450,300,BruteForce,2208.3,298.916,1867,2666s
1450,305,KMP,38.5,3.69459,35,49
1450,305,Boyer-Moore,2.4,1.2,2,6
1450,305,BruteForce,1942,146.808,1763,2208s
1450,310,KMP,37.1,7.8032,33,55
1450,310,Boyer-Moore,5.5,1.5,5,10
1450,310,BruteForce,2057.2,234.748,1780,2649s
1450,315,KMP,30,1.78885,29,35
1450,315,Boyer-Moore,3.2,0.6,3,5
1450,315,BruteForce,2064.9,125.74,1891,2355s
1450,320,KMP,57.4,46.9387,31,196
1450,320,Boyer-Moore,3.2,0.979796,2,6
1450,320,BruteForce,2140.2,85.2042,2031,2346s
1450,325,KMP,33.7,3.74299,32,44
1450,325,Boyer-Moore,4.7,6.11637,2,23
1450,325,BruteForce,2360,314.328,2089,2902s
1450,330,KMP,30.1,4.65725,26,36
1450,330,Boyer-Moore,5.9,2.7,5,14
1450,330,BruteForce,2302,205.764,2120,2841s
1450,335,KMP,46.5,18.0014,34,92
1450,335,Boyer-Moore,5.5,2.65518,4,13
1450,335,BruteForce,2426.4,401.126,2040,3134s
1450,340,KMP,62.5,11.5087,35,75
1450,340,Boyer-Moore,7.6,10.141,4,38
1450,340,BruteForce,2301.8,92.309,2207,2489s
1450,345,KMP,76.9,10.6813,69,108
1450,345,Boyer-Moore,6.6,3.49857,5,17
1450,345,BruteForce,2476.3,311.577,2248,3114s
1450,350,KMP,40,2.64575,38,44
1450,350,Boyer-Moore,5.4,6.56049,3,25
1450,350,BruteForce,2436.1,258.992,2282,3105s
1450,355,KMP,42.2,4.4,39,54
1450,355,Boyer-Moore,6.3,9.57131,3,35
1450,355,BruteForce,2739.8,509.506,2208,3604s
1450,360,KMP,74,8.14862,67,90
1450,360,Boyer-Moore,3.3,0.9,3,6
1450,360,BruteForce,2425.1,59.9524,2351,2569s
1450,365,KMP,33.4,9.34024,29,61
1450,365,Boyer-Moore,5.7,5.45985,3,20
1450,365,BruteForce,2545.3,158.799,2314,2940s
1500,370,KMP,34.6,7.73563,30,56
1500,370,Boyer-Moore,4.7,5.1,3,20
1500,370,BruteForce,2741.6,214.745,2522,3067s
1500,375,KMP,43.7,6.16523,40,58
1500,375,Boyer-Moore,7.3,4.94065,4,22
1500,375,BruteForce,2666.6,178.186,2485,3141s
1500,380,KMP,37.1,2.38537,36,44
1500,380,Boyer-Moore,3.3,0.640312,3,5
1500,380,BruteForce,3036.4,507.038,2447,3726s
1500,385,KMP,35.1,5.31883,33,51
1500,385,Boyer-Moore,8.1,11.3088,4,42
1500,385,BruteForce,2640.8,154.776,2422,3004s
1500,390,KMP,73.1,12.6842,65,108
1500,390,Boyer-Moore,3.4,1.2,3,7
1500,390,BruteForce,2833.5,197.044,2466,3124s
1500,395,KMP,47.9,17.3,37,90
1500,395,Boyer-Moore,4.7,1.18743,4,8
1500,395,BruteForce,2899.1,328.389,2587,3767s
1500,400,KMP,47.2,18.9673,31,86
1500,400,Boyer-Moore,8.2,3.45832,6,16
1500,400,BruteForce,3665.1,442.548,2914,4241s
1500,405,KMP,90.5,32.6596,73,187
1500,405,Boyer-Moore,5.8,2.67582,4,12
1500,405,BruteForce,3008.8,340.041,2624,3896s
1500,410,KMP,50.3,23.4139,39,120
1500,410,Boyer-Moore,3.6,1.49666,3,8
1500,410,BruteForce,3062.6,249.463,2750,3691s
1500,415,KMP,39.6,2.87054,38,47
1500,415,Boyer-Moore,5.4,7.2,3,27
1500,415,BruteForce,2973.6,171.39,2696,3272s
1500,420,KMP,45.9,1.81384,45,51
1500,420,Boyer-Moore,9,5.42218,6,25
1500,420,BruteForce,3504.1,412.695,3021,4111s
1500,425,KMP,74.8,8.6,63,94
1500,425,Boyer-Moore,3.6,1.49666,3,8
1500,425,BruteForce,3068,121.545,2796,3247s
1500,430,KMP,37.7,3.43657,36,47
1500,430,Boyer-Moore,4.2,3.6,3,15
1500,430,BruteForce,3068.5,162.323,2804,3344s
1500,435,KMP,35.7,1.79165,35,41
1500,435,Boyer-Moore,8.4,3.8,5,19
1500,435,BruteForce,3160.3,281.22,2831,3685s
1500,440,KMP,42.2,2.35797,39,48
1500,440,Boyer-Moore,6.6,1.2,6,10
1500,440,BruteForce,3213.5,119.308,3019,3424s
1500,445,KMP,39.6,4.15211,38,52
1500,445,Boyer-Moore,4.4,3.87814,3,16
1500,445,BruteForce,3357.4,239.677,3059,3997s
1500,450,KMP,43.7,4.64866,38,54
1500,450,Boyer-Moore,3.6,1.8,3,9
1500,450,BruteForce,3564.1,376.143,3208,4422s
1500,455,KMP,66.1,13.568,41,84
1500,455,Boyer-Moore,5.4,6.87314,3,26
1500,455,BruteForce,3427.8,248.053,3085,3926s
1550,460,KMP,44.8,4.85386,42,59
1550,460,Boyer-Moore,5.3,6.2458,3,24
1550,460,BruteForce,3547.2,297.642,3208,4151s
1550,465,KMP,43,3.2249,40,51
1550,465,Boyer-Moore,5.7,6.79779,3,26
1550,465,BruteForce,3464.5,253.168,3167,3916s
1550,470,KMP,42,6.26099,39,59
1550,470,Boyer-Moore,7.5,1.5,7,12
1550,470,BruteForce,3597.5,241.031,3271,4069s
1550,475,KMP,47,8.72926,43,73
1550,475,Boyer-Moore,3.3,0.9,3,6
1550,475,BruteForce,3609.5,249.209,3246,4103s
1550,480,KMP,41.8,8.8295,32,59
1550,480,Boyer-Moore,4,1.09545,3,7
1550,480,BruteForce,3779.1,307.031,3324,4226s
1550,485,KMP,52.9,27.2487,41,134
1550,485,Boyer-Moore,3.5,0.921954,3,6
1550,485,BruteForce,3780.2,262.518,3451,4427s
1550,490,KMP,49.5,18.1673,39,102
1550,490,Boyer-Moore,19.2,36.75,4,129
1550,490,BruteForce,3694.9,166.575,3469,4025s
1550,495,KMP,43.6,6.93109,39,58
1550,495,Boyer-Moore,7.8,1.8868,6,13
1550,495,BruteForce,3896.5,161.658,3695,4135s
1550,500,KMP,43.2,8.62322,40,69
1550,500,Boyer-Moore,4.3,0.9,4,7
1550,500,BruteForce,4007.4,329.208,3663,4845s
1550,505,KMP,40.6,7.88923,37,64
1550,505,Boyer-Moore,4.2,0.6,4,6
1550,505,BruteForce,3967.1,218.875,3644,4350s
1550,510,KMP,69.5,35.2569,37,149
1550,510,Boyer-Moore,7.9,2.07123,7,14
1550,510,BruteForce,4635.6,504.568,3993,5495s
1550,515,KMP,50,6.54217,44,60
1550,515,Boyer-Moore,6.1,2.66271,5,14
1550,515,BruteForce,4080.6,194.321,3783,4432s
1550,520,KMP,80,27.55,62,158
1550,520,Boyer-Moore,5.8,5.4,4,22
1550,520,BruteForce,4103.2,315.862,3792,4959s
1550,525,KMP,47.3,12.2479,43,84
1550,525,Boyer-Moore,7.6,0.916515,7,10
1550,525,BruteForce,4376.3,502.747,3820,5719s
1550,530,KMP,35.2,1.98997,34,41
1550,530,Boyer-Moore,4.4,1.2,4,8
1550,530,BruteForce,4241.3,336.681,3864,4891s
1550,535,KMP,48.6,11.0109,43,81
1550,535,Boyer-Moore,4.3,0.640312,4,6
1550,535,BruteForce,4214.2,207.847,3877,4497s
1550,540,KMP,41.4,1.42829,39,45
1550,540,Boyer-Moore,4.1,0.538516,3,5
1550,540,BruteForce,4314.8,343.668,3964,5179s
1550,545,KMP,82.6,75.0309,39,299
1550,545,Boyer-Moore,8.4,0.663325,8,10
1550,545,BruteForce,4391.2,216.157,4100,4741s
1550,550,KMP,44.6,4.60869,42,56
1550,550,Boyer-Moore,4.3,0.9,4,7
1550,550,BruteForce,4386.3,295.368,4037,5044s
1550,555,KMP,52.7,16.1124,45,100
1550,555,Boyer-Moore,5.7,5.1,4,21
1550,555,BruteForce,4599.9,458.394,4178,5808s
1600,560,KMP,56.7,15.3235,42,90
1600,560,Boyer-Moore,4.3,0.9,4,7
1600,560,BruteForce,5089.2,750.407,4349,6234s
1600,565,KMP,49.4,2.83549,48,56
1600,565,Boyer-Moore,6.4,4.29418,4,19
1600,565,BruteForce,4726.1,171.712,4505,5104s
1600,570,KMP,60.9,14.1028,48,91
1600,570,Boyer-Moore,9.8,9.09725,6,37
1600,570,BruteForce,5461.7,484.253,4793,6226s
1600,575,KMP,65.5,28.6156,40,134
1600,575,Boyer-Moore,6,2.52982,4,13
1600,575,BruteForce,4779.1,285.076,4387,5443s
1600,580,KMP,60.5,20.539,45,96
1600,580,Boyer-Moore,4.3,0.9,4,7
1600,580,BruteForce,5055.7,337.362,4441,5574s
1600,585,KMP,50.4,8.90169,43,74
1600,585,Boyer-Moore,6.8,1.46969,6,11
1600,585,BruteForce,5009.1,343.589,4570,5646s
1600,590,KMP,52.9,6.42573,50,72
1600,590,Boyer-Moore,4.2,0.6,4,6
1600,590,BruteForce,4968.5,265.692,4593,5592s
1600,595,KMP,44.2,3.78946,40,53
1600,595,Boyer-Moore,6.7,4.87955,4,21
1600,595,BruteForce,5369.4,387.176,4984,6231s
1600,600,KMP,100.1,19.2741,88,154
1600,600,Boyer-Moore,6.3,0.9,6,9
1600,600,BruteForce,6188.3,819.85,5125,7359s
1600,605,KMP,43.1,1.97231,42,47
1600,605,Boyer-Moore,8.8,10.7685,4,41
1600,605,BruteForce,5196.1,359.216,4735,5868s
1600,610,KMP,44.3,6.57343,42,64
1600,610,Boyer-Moore,6.5,4.94469,4,21
1600,610,BruteForce,5148,322.759,4807,5964s
1600,615,KMP,57.9,17.4954,44,93
1600,615,Boyer-Moore,4.8,1.249,4,8
1600,615,BruteForce,5773,1018.93,5053,8643s
1600,620,KMP,48.1,5.12738,45,63
1600,620,Boyer-Moore,7.5,8.21279,4,32
1600,620,BruteForce,5547.8,269.761,5224,6031s
1600,625,KMP,52.4,9.30806,48,80
1600,625,Boyer-Moore,8.9,0.7,7,10
1600,625,BruteForce,5411.3,454.399,5008,6555s
1600,630,KMP,44.1,13.3899,38,84
1600,630,Boyer-Moore,6.7,5.1,5,22
1600,630,BruteForce,5599.4,480.994,5155,6968s
1600,635,KMP,56.3,6.76831,53,75
1600,635,Boyer-Moore,4.2,0.6,4,6
1600,635,BruteForce,5829.7,540.891,5035,6804s
1600,640,KMP,48.3,4.26732,46,60
1600,640,Boyer-Moore,5,0.774597,4,7
1600,640,BruteForce,5634.3,372.23,5254,6576s
1600,645,KMP,52,6.89928,49,72
1600,645,Boyer-Moore,4.5,0.921954,4,7
1600,645,BruteForce,5502.8,220.559,5201,5891s
1600,650,KMP,49.1,19.1909,39,105
1600,650,Boyer-Moore,5,0.447214,4,6
1600,650,BruteForce,5628.7,216.493,5265,5964s
1600,655,KMP,46.9,2.07123,46,53
1600,655,Boyer-Moore,4.7,0.640312,4,6
1600,655,BruteForce,5844.4,571.509,5376,7395s
1600,660,KMP,51.1,2.07123,50,57
1600,660,Boyer-Moore,5.7,1.9,4,11
1600,660,BruteForce,5758.4,262.658,5458,6271s
1600,665,KMP,69.3,7.92528,61,84
1600,665,Boyer-Moore,7.4,4.36348,5,19
1600,665,BruteForce,6050.5,296.824,5630,6513s
1650,670,KMP,57.2,6.85274,53,74
1650,670,Boyer-Moore,7.4,0.663325,7,9
1650,670,BruteForce,6572.8,619.983,5852,7461s
1650,675,KMP,100.6,5.98665,93,112
1650,675,Boyer-Moore,5.3,0.9,5,8
1650,675,BruteForce,6299.8,618.844,5763,8017s
1650,680,KMP,65.4,21.9098,54,128
1650,680,Boyer-Moore,5,1.09545,4,8
1650,680,BruteForce,6265.3,355.837,5809,6958s
1650,685,KMP,53.7,15.5245,47,100
1650,685,Boyer-Moore,5,0.774597,4,7
1650,685,BruteForce,6421.1,487.867,5834,7568s
1650,690,KMP,53.5,4.22493,51,63
1650,690,Boyer-Moore,6,1.78885,5,11
1650,690,BruteForce,6219.5,317.144,5900,6713s
1650,695,KMP,58.3,10.3058,48,76
1650,695,Boyer-Moore,5.3,0.9,5,8
1650,695,BruteForce,6373.1,293.326,5928,6865s
1650,700,KMP,60.1,6.86222,55,77
1650,700,Boyer-Moore,5.4,1.42829,4,9
1650,700,BruteForce,6432.3,330.301,6040,6871s
1650,705,KMP,68.4,23.105,54,117
1650,705,Boyer-Moore,5.1,0.7,4,7
1650,705,BruteForce,6484.9,386.607,6059,7402s
1650,710,KMP,37.7,2.79464,36,46
1650,710,Boyer-Moore,12.8,11.4612,8,47
1650,710,BruteForce,6632.6,271.445,6171,7259s
1650,715,KMP,51.9,4.20595,47,62
1650,715,Boyer-Moore,10.6,1.8,10,16
1650,715,BruteForce,6561.1,250.887,6246,7060s
1650,720,KMP,53.9,7.14773,50,72
1650,720,Boyer-Moore,10.5,0.921954,10,13
1650,720,BruteForce,6783,412.791,6250,7741s
1650,725,KMP,54.9,3.50571,53,65
1650,725,Boyer-Moore,11.8,4.44522,10,25
1650,725,BruteForce,7229.3,701.553,6753,9154s
1650,730,KMP,45.9,2.38537,45,53
1650,730,Boyer-Moore,5.3,0.9,5,8
1650,730,BruteForce,7017,282.445,6382,7481s
1650,735,KMP,58.9,6.39453,56,78
1650,735,Boyer-Moore,7.9,2.38537,7,15
1650,735,BruteForce,6789.3,349.016,6420,7329s
1650,740,KMP,74.7,33.1815,53,149
1650,740,Boyer-Moore,8,1.41421,7,12
1650,740,BruteForce,7525,694.423,6567,8719s
1650,745,KMP,60.7,5.15849,58,74
1650,745,Boyer-Moore,7.8,1.46969,7,12
1650,745,BruteForce,7143.4,521.285,6606,8344s
1650,750,KMP,59,2.09762,58,65
1650,750,Boyer-Moore,10.3,0.9,10,13
1650,750,BruteForce,7469.5,766.16,6656,9096s
1650,755,KMP,60.1,16.1025,51,107
1650,755,Boyer-Moore,6.3,3.28786,5,16
1650,755,BruteForce,7254.2,609.181,6791,8947s
1650,760,KMP,48.9,6.60984,43,65
1650,760,Boyer-Moore,11.1,1.04403,10,14
1650,760,BruteForce,7048.7,201.19,6840,7404s
1650,765,KMP,59.4,15.3114,52,104
1650,765,Boyer-Moore,6.9,5.37494,5,23
1650,765,BruteForce,7452,362.929,6761,8034s
1650,770,KMP,230.1,179.906,103,685
1650,770,Boyer-Moore,13.4,4.38634,10,23
1650,770,BruteForce,7574.4,233.862,7251,8095s
1650,775,KMP,57.9,3.91024,55,67
1650,775,Boyer-Moore,6.4,1.74356,5,11
1650,775,BruteForce,7578.7,561.753,7034,8857s
1650,780,KMP,62.2,24.4287,48,118
1650,780,Boyer-Moore,5.6,0.916515,5,8
1650,780,BruteForce,8045.2,974.122,7153,9817s
1650,785,KMP,83,33.6868,55,161
1650,785,Boyer-Moore,8.7,2.1,8,15
1650,785,BruteForce,7772.3,540.478,7127,8899s
1700,790,KMP,53.7,2.1,53,60
1700,790,Boyer-Moore,5.5,1.20416,5,9
1700,790,BruteForce,7666.1,381.685,7301,8636s
1700,795,KMP,115.9,13.6781,98,140
1700,795,Boyer-Moore,11.4,1.28062,10,15
1700,795,BruteForce,8144.2,568.084,7536,9179s
1700,800,KMP,128.3,22.4457,99,164
1700,800,Boyer-Moore,12.3,2.83019,11,20
1700,800,BruteForce,8624.2,1017.76,7553,10413s
1700,805,KMP,57.5,17.1012,48,105
1700,805,Boyer-Moore,6.1,0.7,5,8
1700,805,BruteForce,7939.8,314.306,7539,8408s
1700,810,KMP,51.4,6.74092,43,64
1700,810,Boyer-Moore,6.2,0.6,6,8
1700,810,BruteForce,8594.1,815.743,7797,10567s
1700,815,KMP,72.2,22.3643,58,127
1700,815,Boyer-Moore,6.1,1.37477,5,10
1700,815,BruteForce,8259.1,301.195,7802,8821s
1700,820,KMP,52.7,7.57694,44,64
1700,820,Boyer-Moore,7.4,4.54313,5,21
1700,820,BruteForce,8530.1,426.087,7783,9257s
1700,825,KMP,62.3,18.655,50,114
1700,825,Boyer-Moore,5.9,1.13578,5,9
1700,825,BruteForce,8498.4,740.377,7856,10392s
1700,830,KMP,62.8,4.68615,56,71
1700,830,Boyer-Moore,6.2,2.03961,5,12
1700,830,BruteForce,8518.7,452.547,8074,9697s
1700,835,KMP,59.4,5.23832,57,75
1700,835,Boyer-Moore,7.6,3.66606,5,18
1700,835,BruteForce,8485.9,259.287,8069,8953s
1700,840,KMP,63.3,9.70618,56,89
1700,840,Boyer-Moore,7.3,3.9,6,19
1700,840,BruteForce,8669.1,358.438,8099,9349s
1700,845,KMP,60.9,9.3,55,88
1700,845,Boyer-Moore,7.4,4.54313,5,21
1700,845,BruteForce,9076.7,526.949,8276,10036s
1700,850,KMP,67.8,10.4766,62,99
1700,850,Boyer-Moore,7.1,4.65725,5,21
1700,850,BruteForce,8965.3,498.482,8122,9897s
1700,855,KMP,53.5,6.68207,48,72
1700,855,Boyer-Moore,6.1,0.3,6,7
1700,855,BruteForce,8804.7,526.607,8166,9954s
1700,860,KMP,55.4,6.28013,51,73
1700,860,Boyer-Moore,6.1,0.3,6,7
1700,860,BruteForce,8840.4,403.533,8274,9603s
1700,865,KMP,55.6,4.2,52,65
1700,865,Boyer-Moore,7.7,4.47325,6,21
1700,865,BruteForce,9186.8,887.064,8391,11087s
1700,870,KMP,64.2,7.44043,55,76
1700,870,Boyer-Moore,8.6,4.92341,6,23
1700,870,BruteForce,9436.9,945.683,8532,11701s
1700,875,KMP,93.8,27.0769,67,136
1700,875,Boyer-Moore,10.2,2.44131,9,16
1700,875,BruteForce,9947.3,1198.29,8668,12544s
1700,880,KMP,86.6,37.3101,55,161
1700,880,Boyer-Moore,6.2,0.6,6,8
1700,880,BruteForce,9587.4,530.077,8976,10728s
1700,885,KMP,61.3,2.49199,58,65
1700,885,Boyer-Moore,8.1,4.41475,6,21
1700,885,BruteForce,9848.1,596.193,8875,10982s
1700,890,KMP,66.1,11.7936,58,101
1700,890,Boyer-Moore,6.2,0.6,6,8
1700,890,BruteForce,9712.2,659.127,8931,11182s
1700,895,KMP,64.1,4.78435,60,72
1700,895,Boyer-Moore,6.6,1.8,6,12
1700,895,BruteForce,9848.5,693.553,9038,10990s
1700,900,KMP,68.1,12.4936,60,105
1700,900,Boyer-Moore,9.3,0.9,9,12
1700,900,BruteForce,10230.9,1173.48,8993,13051s
1700,905,KMP,59.4,6.23217,57,78
1700,905,Boyer-Moore,7.2,3.28024,6,17
1700,905,BruteForce,10308.1,630.321,9437,11520s
1700,910,KMP,65.2,1.98997,64,71
1700,910,Boyer-Moore,6.4,0.916515,6,9
1700,910,BruteForce,9994.1,684.256,9254,11038s
1700,915,KMP,61.4,5.27636,58,76
1700,915,Boyer-Moore,7,2.09762,6,13
1700,915,BruteForce,10693.3,1289.98,9460,12987s
1750,920,KMP,62.1,10.4542,57,92
1750,920,Boyer-Moore,7.4,4.2,6,20
1750,920,BruteForce,9973.4,484.752,9282,10963s
1750,925,KMP,68.1,6.86222,63,86
1750,925,Boyer-Moore,14.7,10.3446,9,41
1750,925,BruteForce,10133.5,425.826,9377,10948s
1750,930,KMP,70.4,1.90788,69,76
1750,930,Boyer-Moore,6.4,1.2,6,10
1750,930,BruteForce,10064.5,356.001,9550,10722s
1750,935,KMP,67.9,6.53376,61,84
1750,935,Boyer-Moore,10.6,3.2311,9,18
1750,935,BruteForce,10593.5,1217.6,9737,14073s
1750,940,KMP,66.4,6.21611,64,85
1750,940,Boyer-Moore,8.2,4.37721,6,21
1750,940,BruteForce,10568.8,993.378,9588,13148s
1750,945,KMP,78.3,32.6621,63,175
1750,945,Boyer-Moore,14.5,3.90512,12,24
1750,945,BruteForce,10748.6,1046.76,9933,13610s
1750,950,KMP,58.8,5.75847,56,76
1750,950,Boyer-Moore,13.7,1.18743,13,17
1750,950,BruteForce,10364.3,526.662,9806,11494s
1750,955,KMP,69.2,6.63023,62,87
1750,955,Boyer-Moore,8.5,7.17287,6,30
1750,955,BruteForce,10973.8,968.911,9838,13369s
1750,960,KMP,66.5,1.9105,65,72
1750,960,Boyer-Moore,11.9,3.83275,9,22
1750,960,BruteForce,10949,676.124,10055,12128s
1750,965,KMP,51.6,1.74356,49,55
1750,965,Boyer-Moore,9.3,5.34883,6,25
1750,965,BruteForce,10842.4,469.726,10057,11751s
1750,970,KMP,70.2,3.31059,68,79
1750,970,Boyer-Moore,12.5,3.17017,9,21
1750,970,BruteForce,10879.8,570.63,10213,12102s
1750,975,KMP,55.4,23.2689,43,122
1750,975,Boyer-Moore,14.1,0.830662,13,16
1750,975,BruteForce,11159.9,505.325,10345,12027s
1750,980,KMP,62.1,11.6743,55,92
1750,980,Boyer-Moore,7,0.447214,6,8
1750,980,BruteForce,11163.7,592.953,10329,12216s
1750,985,KMP,66.5,6.40703,63,82
1750,985,Boyer-Moore,7,1.09545,6,10
1750,985,BruteForce,11901,1039.38,10559,14602s
1750,990,KMP,69.6,2.97321,68,76
1750,990,Boyer-Moore,9,3.68782,6,16
1750,990,BruteForce,11593.1,697.206,10534,13007s
1750,995,KMP,52,4.26615,46,61
1750,995,Boyer-Moore,15.1,1.22066,13,17
1750,995,BruteForce,11537.7,890.185,10704,13809s
1750,1000,KMP,66.2,2.95973,65,75
1750,1000,Boyer-Moore,10.2,0.6,10,12
1750,1000,BruteForce,11101.5,334.131,10724,11667s
1750,1005,KMP,69.2,3.05941,67,76
1750,1005,Boyer-Moore,8.5,5.1817,6,24
1750,1005,BruteForce,11908.4,824.09,11146,14084s
1750,1010,KMP,69.6,7.28286,66,91
1750,1010,Boyer-Moore,7.3,1.00499,6,10
1750,1010,BruteForce,11848.6,1031.7,10861,13684s
1750,1015,KMP,64.9,5.37494,63,81
1750,1015,Boyer-Moore,8.5,4.22493,6,21
1750,1015,BruteForce,11662,386.277,11189,12465s
1750,1020,KMP,57,9.08845,51,83
1750,1020,Boyer-Moore,8.7,2.32594,7,15
1750,1020,BruteForce,12265,888.921,11102,13717s
1750,1025,KMP,70.7,19.2979,52,102
1750,1025,Boyer-Moore,17.6,14.5822,10,61
1750,1025,BruteForce,11808.5,675.478,10912,13130s
1750,1030,KMP,71.9,18.9708,64,128
1750,1030,Boyer-Moore,7.3,0.9,7,10
1750,1030,BruteForce,12329.5,1323.88,11171,15755s
1750,1035,KMP,67.5,6.43817,61,86
1750,1035,Boyer-Moore,17.8,7.62627,13,34
1750,1035,BruteForce,11981.9,531.73,11260,13076s
1750,1040,KMP,73.6,6.49923,71,93
1750,1040,Boyer-Moore,10.8,1.83303,10,16
1750,1040,BruteForce,11927.3,630.73,11296,13495s
1750,1045,KMP,61.8,3.15595,59,68
1750,1045,Boyer-Moore,11.5,2.61725,10,18
1750,1045,BruteForce,12331.8,373.159,11319,12716s
1750,1050,KMP,66.1,10.3194,59,96
1750,1050,Boyer-Moore,8.7,5.1,7,24
1750,1050,BruteForce,12370.1,729.663,11591,13996s
1750,1055,KMP,75.8,12.1803,68,112
1750,1055,Boyer-Moore,7.2,0.6,7,9
1750,1055,BruteForce,13221.3,1205.52,11949,15855s
1800,1060,KMP,131.2,25.8604,108,193
1800,1060,Boyer-Moore,15,1.73205,12,18
1800,1060,BruteForce,12681,514.264,11877,13924s
1800,1065,KMP,78,20.1395,63,135
1800,1065,Boyer-Moore,11.9,5.37494,10,28
1800,1065,BruteForce,12956.3,458.438,12352,13844s
1800,1070,KMP,58.3,5.74543,53,68
1800,1070,Boyer-Moore,15.9,2.46779,14,21
1800,1070,BruteForce,12613.7,377.652,12042,13158s
1800,1075,KMP,59.2,4.04475,56,66
1800,1075,Boyer-Moore,8,2.40832,7,15
1800,1075,BruteForce,12817.4,524.746,12159,13726s
1800,1080,KMP,70.3,12.7754,63,108
1800,1080,Boyer-Moore,7.2,0.4,7,8
1800,1080,BruteForce,13489.3,948.914,12090,15191s
1800,1085,KMP,76.7,19.7436,64,135
1800,1085,Boyer-Moore,7.3,0.9,7,10
1800,1085,BruteForce,12861.3,553.418,12242,13857s
1800,1090,KMP,85.8,20.4294,69,138
1800,1090,Boyer-Moore,19.5,15.0549,10,55
1800,1090,BruteForce,12832.8,494.295,12242,13864s
1800,1095,KMP,60.6,5.02394,54,70
1800,1095,Boyer-Moore,10.5,8.21279,7,35
1800,1095,BruteForce,13652.1,1199.85,12650,16767s
1800,1100,KMP,76.2,9.11921,71,102
1800,1100,Boyer-Moore,7.2,0.6,7,9
1800,1100,BruteForce,13303,533.003,12680,14262s
1800,1105,KMP,103,61.5386,64,276
1800,1105,Boyer-Moore,11.5,1.5,11,16
1800,1105,BruteForce,13397.9,825.086,12562,15412s
1800,1110,KMP,75.2,6.6,73,95
1800,1110,Boyer-Moore,14.9,1.86815,12,19
1800,1110,BruteForce,13742.3,1274.81,12717,17093s
1800,1115,KMP,69.3,10.4312,61,97
1800,1115,Boyer-Moore,7.7,1.48661,7,12
1800,1115,BruteForce,13586,668.842,12821,14882s
1800,1120,KMP,69.1,3.7,66,78
1800,1120,Boyer-Moore,7.6,1.2,7,11
1800,1120,BruteForce,13537,466.879,12920,14404s
1800,1125,KMP,68.6,2.15407,65,73
1800,1125,Boyer-Moore,17,9.53939,12,45
1800,1125,BruteForce,13462.2,431.036,12989,14483s
1800,1130,KMP,87.9,41.7934,66,212
1800,1130,Boyer-Moore,19.1,8.99389,15,46
1800,1130,BruteForce,14030.9,608.714,13114,15434s
1800,1135,KMP,63.4,8.56971,56,82
1800,1135,Boyer-Moore,10.5,5.90339,7,28
1800,1135,BruteForce,14409.6,1131.89,13173,16712s
1800,1140,KMP,79,8.84308,75,105
1800,1140,Boyer-Moore,7.4,0.916515,7,10
1800,1140,BruteForce,14827.8,1083.75,13665,16518s
1800,1145,KMP,68.1,1.86815,67,73
1800,1145,Boyer-Moore,12.3,2.28254,11,18
1800,1145,BruteForce,14004,398.23,13389,14698s
1800,1150,KMP,71.9,11.6572,62,93
1800,1150,Boyer-Moore,9.5,4.84252,7,24
1800,1150,BruteForce,14565.9,514.503,13906,15403s
1800,1155,KMP,72.7,7.43034,66,89
1800,1155,Boyer-Moore,17.8,5.4,15,30
1800,1155,BruteForce,14169.9,494.131,13587,15061s
1800,1160,KMP,90.6,7.49933,83,107
1800,1160,Boyer-Moore,8.1,1.51327,7,11
1800,1160,BruteForce,16164.4,1381.9,13845,18584s
1800,1165,KMP,81.8,3.34066,79,91
1800,1165,Boyer-Moore,11.7,1.48661,11,16
1800,1165,BruteForce,15683.3,522.726,15188,16845s
1800,1170,KMP,61.1,2.87924,58,67
1800,1170,Boyer-Moore,15.3,4.38292,12,28
1800,1170,BruteForce,16987.6,1448.57,15531,19718s
1800,1175,KMP,78.1,5.92368,74,95
1800,1175,Boyer-Moore,17.3,11.3142,11,49
1800,1175,BruteForce,15540.3,877.976,14003,17260s
1800,1180,KMP,67.6,4.17612,64,79
1800,1180,Boyer-Moore,14.6,5.004,12,29
1800,1180,BruteForce,15895.1,1049.31,14306,18263s
1800,1185,KMP,86.3,22.0456,70,142
1800,1185,Boyer-Moore,12.7,8.39107,7,33
1800,1185,BruteForce,15544,1345.58,14159,19068s
1800,1190,KMP,78.5,7.0746,74,94
1800,1190,Boyer-Moore,8.9,1.92094,8,14
1800,1190,BruteForce,15097.5,926.129,14258,17253s
1800,1195,KMP,76.6,1.8,76,82
1800,1195,Boyer-Moore,7.9,0.538516,7,9
1800,1195,BruteForce,15083.7,271.24,14658,15530s
1800,1200,KMP,84.5,14.3335,75,118
1800,1200,Boyer-Moore,16.2,0.979796,15,19
1800,1200,BruteForce,15467.8,652.986,14583,16824s
1800,1205,KMP,72.2,2.35797,71,79
1800,1205,Boyer-Moore,8.3,0.9,8,11
1800,1205,BruteForce,15181.2,144.787,14909,15394s
